,Director_id,director_name
0,1,James Cameron
1,2,Gore Verbinski
2,3,Sam Mendes
3,4,Christopher Nolan
4,5,Doug Walker
5,6,Andrew Stanton
6,7,Nathan Greno
7,8,Joss Whedon
8,9,David Yates
9,10,Zack Snyder
10,11,Bryan Singer
11,12,Marc Forster
12,13,Andrew Adamson
13,14,Rob Marshall
14,15,Barry Sonnenfeld
15,16,Peter Jackson
16,17,Marc Webb
17,18,Ridley Scott
18,19,Chris Weitz
19,20,Anthony Russo
20,21,Peter Berg
21,22,Colin Trevorrow
22,23,Sam Raimi
23,24,Shane Black
24,25,Brett Ratner
25,26,Dan Scanlon
26,27,Michael Bay
27,28,John Lasseter
28,29,Martin Campbell
29,30,Lee Unkrich
30,31,McG
31,32,James Wan
32,33,J.J. Abrams
33,34,Mike Newell
34,35,Guillermo del Toro
35,36,Steven Spielberg
36,37,Peter Sohn
37,38,Mark Andrews
38,39,Justin Lin
39,40,Roland Emmerich
40,41,Robert Zemeckis
41,42,Lana Wachowski
42,43,Pete Docter
43,44,Rob Letterman
44,45,Jon Favreau
45,46,Martin Scorsese
46,47,Rob Cohen
47,48,David Ayer
48,49,Tom Shadyac
49,50,Doug Liman
50,51,Kevin Reynolds
51,52,Stephen Sommers
52,53,Rupert Sanders
53,54,Robert Stromberg
54,55,Matt Reeves
55,56,Carl Rinsch
56,57,Mike Mitchell
57,58,Brad Bird
58,59,Don Hall
59,60,Rich Moore
60,61,Dean DeBlois
61,62,Jonathan Mostow
62,63,James Gunn
63,64,David Fincher
64,65,Matthew Vaughn
65,66,Francis Lawrence
66,67,Jon Turteltaub
67,68,Wolfgang Petersen
68,69,James Bobin
69,70,Chris Miller
70,71,Duncan Jones
71,72,Alan Taylor
72,73,Michael Apted
73,74,Oliver Stone
74,75,Tim Burton
75,76,Eric Darnell
76,77,Shawn Levy
77,78,Gavin Hood
78,79,Chris Buck
79,80,George Miller
80,81,Ron Howard
81,82,Kenneth Branagh
82,83,Byron Howard
83,84,Hoyt Yeatman
84,85,Jonathan Liebesman
85,86,Christopher McQuarrie
86,87,Joe Johnston
87,88,Steve Hickner
88,89,Jennifer Yuh Nelson
89,90,M. Night Shyamalan
90,91,Simon Wells
91,92,David Bowers
92,93,Rob Minkoff
93,94,Lee Tamahori
94,95,Alessandro Carloni
95,96,Peter Ramsey
96,97,Dean Parisot
97,98,Edward Zwick
98,99,Alex Proyas
99,100,Richard Donner
100,101,Ang Lee
101,102,Jon M. Chu
102,103,Breck Eisner
103,104,Hironobu Sakaguchi
104,105,Peter Weir
105,106,Louis Leterrier
106,107,
107,108,Alejandro G. Iñárritu
108,109,David Soren
109,110,Paul Greengrass
110,111,Mark Osborne
111,112,Peyton Reed
112,113,Bill Condon
113,114,Phillip Noyce
114,115,Darren Aronofsky
115,116,Alfonso Cuarón
116,117,Baz Luhrmann
117,118,Eric Leighton
118,119,Matt Birch
119,120,Tom McGrath
120,121,Chris Columbus
121,122,Robert Schwentke
122,123,Hideaki Anno
123,124,Carlos Saldanha
124,125,Guy Ritchie
125,126,John McTiernan
126,127,Tony Gilroy
127,128,Joel Schumacher
128,129,John Woo
129,130,Tim Story
130,131,Mark Steven Johnson
131,132,Neill Blomkamp
132,133,David Twohy
133,134,James L. Brooks
134,135,James Mangold
135,136,Joseph Kosinski
136,137,George Lucas
137,138,Kirk De Micco
138,139,Frédéric Forestier
139,140,Cedric Nicolas-Troyan
140,141,Roger Donaldson
141,142,Dave Green
142,143,Brad Peyton
143,144,Roger Spottiswoode
144,145,Steven Soderbergh
145,146,Michel Gondry
146,147,Noam Murro
147,148,Raja Gosnell
148,149,Will Finn
149,150,Jan de Bont
150,151,Len Wiseman
151,152,Michael Mann
152,153,Bo Welch
153,154,Ron Clements
154,155,Christopher Barnard
155,156,Peter Chelsom
156,157,Dominic Sena
157,158,Tony Scott
158,159,Paul Weitz
159,160,Adam McKay
160,161,Chuck Russell
161,162,Quentin Tarantino
162,163,Gary Trousdale
163,164,Mark Dindal
164,165,Simon West
165,166,Stefen Fangmeier
166,167,Spike Jonze
167,168,Chris Wedge
168,169,Peter Hyams
169,170,Paul Verhoeven
170,171,Tom Tykwer
171,172,Pitof
172,173,Brad Silberling
173,174,Patrick Hughes
174,175,Lawrence Guterman
175,176,Ron Underwood
176,177,Steve Martino
177,178,David Mamet
178,179,Yimou Zhang
179,180,Ash Brannon
180,181,Frank Oz
181,182,Jay Roach
182,183,Luc Besson
183,184,Michael Patrick King
184,185,Bibo Bergeron
185,186,Sergey Bodrov
186,187,Wally Pfister
187,188,Rupert Wyatt
188,189,Mark Waters
189,190,John Moore
190,191,Renny Harlin
191,192,Phil Lord
192,193,Ben Stiller
193,194,Tony Bancroft
194,195,Walt Becker
195,196,Dennis Dugan
196,197,Sydney Pollack
197,198,Thor Freudenthal
198,199,Brian De Palma
199,200,Mick Jackson
200,201,Alan J. Pakula
201,202,Kathryn Bigelow
202,203,Josh Trank
203,204,Andrey Konchalovskiy
204,205,Gary Ross
205,206,Paul W.S. Anderson
206,207,Genndy Tartakovsky
207,208,Kevin Lima
208,209,Daniel Espinosa
209,210,Nancy Meyers
210,211,Roger Allers
211,212,Neil Burger
212,213,Jean-Jacques Annaud
213,214,Sarah Smith
214,215,Martin Brest
215,216,Andrew Davis
216,217,Bob Fosse
217,218,Tarsem Singh
218,219,Edgar Wright
219,220,Jon Amiel
220,221,Peter Segal
221,222,Frank Coraci
222,223,Sylvester Stallone
223,224,Todd Phillips
224,225,Tim Johnson
225,226,Gary Winick
226,227,Mimi Leder
227,228,Seth Gordon
228,229,Adam Shankman
229,230,D.J. Caruso
230,231,Anthony Minghella
231,232,Albert Hughes
232,233,Les Mayfield
233,234,Joe Pytka
234,235,Ivan Reitman
235,236,Eric Brevig
236,237,Kelly Asbury
237,238,Stephen Hopkins
238,239,Jonathan Demme
239,240,Henry Jaglom
240,241,James Algar
241,242,Vincent Ward
242,243,Steven Brill
243,244,Terry Gilliam
244,245,Lucile Hadzihalilovic
245,246,Barry Cook
246,247,Roger Christian
247,248,Joe Dante
248,249,Kevin Costner
249,250,Antony Hoffman
250,251,Jacques Perrin
251,252,Andrés Couturier
252,253,Cody Cameron
253,254,John Singleton
254,255,Oliver Hirschbiegel
255,256,Des McAnuff
256,257,Yarrow Cheney
257,258,Stephen Norrington
258,259,Pierre Coffin
259,260,Timur Bekmambetov
260,261,David Kellogg
261,262,Mike Nichols
262,263,F. Gary Gray
263,264,Antoine Fuqua
264,265,Robert Luketic
265,266,Gil Kenan
266,267,Barry Levinson
267,268,Jerry Zucker
268,269,Andy Tennant
269,270,Florent-Emilio Siri
270,271,Don Bluth
271,272,Ron Shelton
272,273,David Pastor
273,274,Henry Selick
274,275,Kyle Balda
275,276,Clay Kaytis
276,277,Judd Apatow
277,278,Steve Carr
278,279,Mel Gibson
279,280,David Silverman
280,281,Frank Darabont
281,282,Betty Thomas
282,283,Garry Marshall
283,284,Paul Tibbitt
284,285,Clark Johnson
285,286,Cameron Crowe
286,287,Randall Wallace
287,288,Jonathan Frakes
288,289,George Clooney
289,290,Gary Shore
290,291,Andrzej Bartkowiak
291,292,Måns Mårlind
292,293,Gregory Hoblit
293,294,Gary McKendry
294,295,Wych Kaosayananda
295,296,Mikael Salomon
296,297,Bobby Farrelly
297,298,Kerry Conran
298,299,Michael Caton-Jones
299,300,Mikael Håfström
300,301,Phil Alden Robinson
301,302,David Slade
302,303,Joseph Ruben
303,304,Seth MacFarlane
304,305,Alejandro Amenábar
305,306,Kinka Usher
306,307,Craig Gillespie
307,308,Rob Bowman
308,309,Doug Lefler
309,310,Scott Waugh
310,311,Lawrence Kasdan
311,312,Michael Lembeck
312,313,Tom Hooper
313,314,Nora Ephron
314,315,Clint Eastwood
315,316,Larry Charles
316,317,Stanley Kubrick
317,318,Will Gluck
318,319,Glenn Ficarra
319,320,David S. Goyer
320,321,John Milius
321,322,Taylor Hackford
322,323,Michael Lehmann
323,324,Stuart Beattie
324,325,Roman Polanski
325,326,Frank Miller
326,327,Baltasar Kormákur
327,328,Daniel Lee
328,329,Keenen Ivory Wayans
329,330,Rob Reiner
330,331,Marco Schnabel
331,332,Demian Lichtenstein
332,333,Josh Gordon
333,334,Tim Hill
334,335,David Frankel
335,336,Brenda Chapman
336,337,Marc Lawrence
337,338,Peter Billingsley
338,339,Wes Ball
339,340,Ryan Murphy
340,341,Robert Redford
341,342,Jay Russell
342,343,Kenny Ortega
343,344,David McNally
344,345,Brian Robbins
345,346,Brian Levant
346,347,Steven Zaillian
347,348,Chris Butler
348,349,Jon Avnet
349,350,Sam Fell
350,351,Kevin Donovan
351,352,Geoff Murphy
352,353,David O. Russell
353,354,Babak Najafi
354,355,Jean-Pierre Jeunet
355,356,Graham Annable
356,357,Griffin Dunne
357,358,John Pasquin
358,359,Ruben Fleischer
359,360,Harold Ramis
360,361,Kevin Macdonald
361,362,Donald Petrie
362,363,Jorge Blanco
363,364,Stuart Baird
364,365,Joel Coen
365,366,Robert Lorenz
366,367,Joe Wright
367,368,Scott Stewart
368,369,Patrick Gilmore
369,370,Tony Bill
370,371,Rod Lurie
371,372,Walter Hill
372,373,Akiva Goldsman
373,374,Harald Zwart
374,375,Walter Salles
375,376,Iain Softley
376,377,David Koepp
377,378,Uwe Boll
378,379,Pou-Soi Cheang
379,380,John Dahl
380,381,Tim Miller
381,382,Stephen Herek
382,383,Peter MacDonald
383,384,Anthony Hemingway
384,385,Sean Anders
385,386,Mark Neveldine
386,387,John Madden
387,388,Kevin Bray
388,389,Mike Gabriel
389,390,Sam Weisman
390,391,Jesse Dylan
391,392,Wayne Wang
392,393,Gabriele Muccino
393,394,Tom Dey
394,395,Jimmy Hayward
395,396,Alan Parker
396,397,John Frankenheimer
397,398,Paul King
398,399,William Friedkin
399,400,Kent Alterman
400,401,Peter Lord
401,402,Shekhar Kapur
402,403,Karyn Kusama
403,404,Ron Maxwell
404,405,Robert Butler
405,406,Karey Kirkpatrick
406,407,Steve Antin
407,408,Jim Gillespie
408,409,Francis Ford Coppola
409,410,Richard Lester
410,411,Harold Becker
411,412,Scott Cooper
412,413,Robert Rodriguez
413,414,Curtis Hanson
414,415,Phyllida Lloyd
415,416,Jay Chandrasekhar
416,417,Terrence Malick
417,418,David Dobkin
418,419,Milos Forman
419,420,Pierre Morel
420,421,Paul Hunter
421,422,Steve Oedekerk
422,423,John Whitesell
423,424,George Nolfi
424,425,Neil Jordan
425,426,Rawson Marshall Thurber
426,427,Spike Lee
427,428,Brian Helgeland
428,429,Frank Marshall
429,430,Hideo Nakata
430,431,Peter Hewitt
431,432,Joe Roth
432,433,Bennett Miller
433,434,Jaume Collet-Serra
434,435,Andy Fickman
435,436,James McTeigue
436,437,Matthew O'Callaghan
437,438,Angela Robinson
438,439,Gary Fleder
439,440,Tommy Wirkola
440,441,Adrian Lyne
441,442,Jorge R. Gutiérrez
442,443,Richard Loncraine
443,444,Christophe Gans
444,445,Howard Deutch
445,446,Jon Hurwitz
446,447,Steven Quale
447,448,John Landis
448,449,Alexander Witt
449,450,Beeban Kidron
450,451,Carl Franklin
451,452,Steven Seagal
452,453,Danny Boyle
453,454,Andrew Bergman
454,455,Peter Webber
455,456,Andrew Niccol
456,457,John Carpenter
457,458,Wes Anderson
458,459,David Cronenberg
459,460,John Stockwell
460,461,David Gordon Green
461,462,Jim Sheridan
462,463,Costa-Gavras
463,464,Patrick Read Johnson
464,465,Roland Joffé
465,466,Richard LaGravenese
466,467,Danny DeVito
467,468,George Armitage
468,469,Patrick Lussier
469,470,James Wong
470,471,Richard Curtis
471,472,Chuck Bowman
472,473,Olivier Megaton
473,474,Deepa Mehta
474,475,Warren Beatty
475,476,Penny Marshall
476,477,Andrei Tarkovsky
477,478,Paul Bolger
478,479,Stephen Frears
479,480,P.J. Hogan
480,481,Brad Furman
481,482,Terence Young
482,483,David Zucker
483,484,Denis Villeneuve
484,485,Thomas Carter
485,486,Roger Michell
486,487,Luis Llosa
487,488,Melville Shavelson
488,489,Garth Jennings
489,490,Joel Zwick
490,491,Russell Mulcahy
491,492,David R. Ellis
492,493,Peter Howitt
493,494,John A. Davis
494,495,David Lynch
495,496,Mathieu Kassovitz
496,497,John Gray
497,498,John Schultz
498,499,Sean Penn
499,500,Susan Stroman
500,501,Pete Travis
501,502,Simon Wincer
502,503,Billy Bob Thornton
503,504,Danny Pang
504,505,George P. Cosmatos
505,506,Oliver Parker
506,507,Lawrence Kasanoff
507,508,Ben Affleck
508,509,Brian Gibson
509,510,Norman Ferguson
510,511,Michael Cimino
511,512,Gus Van Sant
512,513,Roger Kumble
513,514,Burr Steers
514,515,John Hamburg
515,516,Reginald Hudlin
516,517,Paul Feig
517,518,Joseph L. Mankiewicz
518,519,Barbra Streisand
519,520,Mark Pellington
520,521,John Glen
521,522,Catherine Hardwicke
522,523,John Herzfeld
523,524,Annabel Jankel
524,525,Julie Anne Robinson
525,526,Evan Goldberg
526,527,Sngmoo Lee
527,528,Jamel Debbouze
528,529,Gordon Chan
529,530,Asger Leth
530,531,Anne Fletcher
531,532,Bruce Beresford
532,533,Sam Taylor-Johnson
533,534,Ken Kwapis
534,535,Wes Craven
535,536,Etan Cohen
536,537,Angelina Jolie Pitt
537,538,Nick Cassavetes
538,539,Nicholas Stoller
539,540,Mark A.Z. Dippé
540,541,Cal Brunker
541,542,Nimród Antal
542,543,Alejandro Agresti
543,544,Peter Hedges
544,545,Paul Weiland
545,546,Colin Strause
546,547,Joan Chen
547,548,Greg Mottola
548,549,Jake Kasdan
549,550,Diane Keaton
550,551,Kelly Makin
551,552,Stephen Daldry
552,553,Christian Duguay
553,554,Justin Chadwick
554,555,Pat O'Connor
555,556,Frederik Du Chau
556,557,Irwin Winkler
557,558,Joseph Kahn
558,559,Sofia Coppola
559,560,Barbet Schroeder
560,561,Stephen Kay
561,562,J.A. Bayona
562,563,Elaine May
563,564,Dennie Gordon
564,565,Charles Shyer
565,566,Ulu Grosbard
566,567,William Malone
567,568,Malcolm D. Lee
568,569,Jerry Jameson
569,570,Mic Rodgers
570,571,Christian Alvart
571,572,Jean-Marie Poiré
572,573,Marc F. Adler
573,574,Geoffrey Sax
574,575,Richard Shepard
575,576,Peter Ho-Sun Chan
576,577,Joon-ho Bong
577,578,Jeff Nathanson
578,579,S.S. Rajamouli
579,580,Charles S. Dutton
580,581,Jonathan Lynn
581,582,David Carson
582,583,Kar-Wai Wong
583,584,Yuefeng Song
584,585,Norman Jewison
585,586,David Mirkin
586,587,Luis Mandoki
587,588,Jeb Stuart
588,589,Steve Miner
589,590,Paul Thomas Anderson
590,591,David Leland
591,592,J Blakeson
592,593,Ryan Coogler
593,594,Kirk Jones
594,595,Ethan Coen
595,596,Jennifer Flackett
596,597,Kevin Smith
597,598,Christian Ditter
598,599,Charles Martin Smith
599,600,Fedor Bondarchuk
600,601,Irvin Kershner
601,602,Steve Pink
602,603,Scott Hicks
603,604,Chris Rock
604,605,Wilson Yip
605,606,John Lee Hancock
606,607,Robert Wise
607,608,Kevin Rodney Sullivan
608,609,Kevin Munroe
609,610,Michael Tollin
610,611,Patrick Tatopoulos
611,612,Gary David Goldberg
612,613,Alan Poul
613,614,Luke Greenfield
614,615,Gil Junger
615,616,Michael Ritchie
616,617,Steven E. de Souza
617,618,Alexandre Aja
618,619,Michael Rymer
619,620,Hugh Wilson
620,621,Mike Hodges
621,622,Susanna White
622,623,Chris Carter
623,624,Tommy O'Haver
624,625,Peter Landesman
625,626,Gary Chapman
626,627,Craig Mazin
627,628,Allen Hughes
628,629,Kimble Rendall
629,630,Peter Yates
630,631,Lasse Hallström
631,632,Jean-Marc Vallée
632,633,Hark Tsui
633,634,Lexi Alexander
634,635,Ronny Yu
635,636,Bille August
636,637,Moustapha Akkad
637,638,Jean-Paul Rappeneau
638,639,Joachim Rønning
639,640,Tony Kaye
640,641,Ken Scott
641,642,Hugh Johnson
642,643,Hayao Miyazaki
643,644,George Tillman Jr.
644,645,Hugh Hudson
645,646,Jeremy Degruson
646,647,Chris Gorak
647,648,Scott Speer
648,649,Joe Charbanic
649,650,Jonathan Hensleigh
650,651,Danny Cannon
651,652,Boaz Yakin
652,653,Richard Marquand
653,654,Neil Marshall
654,655,David Wain
655,656,Jared Hess
656,657,Rupert Wainwright
657,658,John Luessenhop
658,659,Justin Zackham
659,660,John Gatins
660,661,Miguel Sapochnik
661,662,Hyung-rae Shim
662,663,Don Scardino
663,664,Tim Robbins
664,665,Tom Reeve
665,666,Nanette Burstein
666,667,Ariel Vromen
667,668,Lewis Gilbert
668,669,John Francis Daley
669,670,J.B. Rogers
670,671,Michael Sucsy
671,672,Tom Vaughan
672,673,Lee Daniels
673,674,Stephen Hillenburg
674,675,Stig Bergqvist
675,676,Jason Reitman
676,677,Alexander Payne
677,678,Jonathan Levine
678,679,Rian Johnson
679,680,Chris Noonan
680,681,Michael McCullers
681,682,Forest Whitaker
682,683,Woody Allen
683,684,Peter Lepeniotis
684,685,Ted Demme
685,686,William Shatner
686,687,Steve Box
687,688,James Gartner
688,689,Lee Toland Krieger
689,690,Tim McCanlies
690,691,Drew Goddard
691,692,Jason Friedberg
692,693,Paul Michael Glaser
693,694,John R. Leonetti
694,695,Tom Hanks
695,696,Liz Friedlander
696,697,Phil Joanou
697,698,Shane Acker
698,699,Martha Coolidge
699,700,Stephen J. Anderson
700,701,Troy Miller
701,702,Tate Taylor
702,703,Brett Leonard
703,704,Scott Derrickson
704,705,Alister Grierson
705,706,Nick Hurran
706,707,Charles Stone III
707,708,Paul Haggis
708,709,Kurt Wimmer
709,710,Jean-François Richet
710,711,Kevin Hooks
711,712,Ellory Elkayem
712,713,Niki Caro
713,714,Vincenzo Natali
714,715,Willard Huyck
715,716,Gavin O'Connor
716,717,Bruce Hunt
717,718,Chris Roberts
718,719,Jee-woon Kim
719,720,Nick Hamm
720,721,Mike Disa
721,722,Richard J. Lewis
722,723,Sergio Leone
723,724,Niels Arden Oplev
724,725,Michael Radford
725,726,Steve Boyum
726,727,Kaige Chen
727,728,Corey Yuen
728,729,Andrew Dominik
729,730,Li Zhang
730,731,Laurent Tirard
731,732,Reinhard Klooss
732,733,Frédéric Auburtin
733,734,Olivier Dahan
734,735,Maksim Fadeev
735,736,Liliana Cavani
736,737,Greg Tiernan
737,738,Elizabeth Banks
738,739,Edward Norton
739,740,Ben Falcone
740,741,Richard Attenborough
741,742,Don Mancini
742,743,John Maybury
743,744,Igor Kovalyov
744,745,Shinji Aramaki
745,746,Miguel Arteta
746,747,James Gray
747,748,Janusz Kaminski
748,749,Robert B. Weide
749,750,Jeff Wadlow
750,751,Agustín Díaz Yanes
751,752,Camille Delamarre
752,753,David Lean
753,754,Richard Eyre
754,755,Nicholas Meyer
755,756,Callie Khouri
756,757,Sanaa Hamri
757,758,Todd Graff
758,759,Philip Kaufman
759,760,Saul Dibb
760,761,Walter Murch
761,762,Richard Linklater
762,763,E. Elias Merhige
763,764,Menno Meyjes
764,765,Jodie Foster
765,766,Scott Frank
766,767,Kevin Allen
767,768,Michael Cristofer
768,769,Andrew Morahan
769,770,Bob Rafelson
770,771,Michael Cohn
771,772,Alan Shapiro
772,773,Fernando Meirelles
773,774,Michael Hoffman
774,775,Oleg Stepchenko
775,776,Michael Winterbottom
776,777,Michael Pressman
777,778,Sharon Maguire
778,779,Charles Herman-Wurmfeld
779,780,Gabor Csupo
780,781,Tyler Perry
781,782,Joe Carnahan
782,783,John Polson
783,784,Bernardo Bertolucci
784,785,Cathy Malkasian
785,786,John Eng
786,787,Chris Nahon
787,788,Fred Wolf
788,789,Bille Woodruff
789,790,Victor Salva
790,791,Mark Helfrich
791,792,Steve Bendelack
792,793,Dwight H. Little
793,794,Guillaume Canet
794,795,Kirsten Sheridan
795,796,Richard Fleischer
796,797,Bob Spiers
797,798,Damien Dante Wayans
798,799,John Wells
799,800,Tim Fywell
800,801,Nigel Cole
801,802,Jeremy Leven
802,803,Sylvain White
803,804,Troy Nixey
804,805,Philip G. Atwell
805,806,Jeff Schaffer
806,807,Don Michael Paul
807,808,James Bridges
808,809,Steve Barron
809,810,Bill Paxton
810,811,Richard Kelly
811,812,Carter Smith
812,813,John Schlesinger
813,814,Ringo Lam
814,815,Akiva Schaffer
815,816,Tobe Hooper
816,817,Patricia Riggen
817,818,Pascal Chaumeil
818,819,Kimberly Peirce
819,820,Stephen Gaghan
820,821,Jonathan Kaplan
821,822,Richard Benjamin
822,823,Craig R. Baxley
823,824,John Hillcoat
824,825,John Guillermin
825,826,Marcos Siega
826,827,Rachel Talalay
827,828,Jeffrey W. Byrd
828,829,Atom Egoyan
829,830,Robert Towne
830,831,Giuseppe Tornatore
831,832,Werner Herzog
832,833,Ben Stassen
833,834,Jérôme Deschamps
834,835,Inna Evlannikova
835,836,Jonathan English
836,837,Sergey Bondarchuk
837,838,Teddy Chan
838,839,Mario Van Peebles
839,840,Leonard Nimoy
840,841,Ericson Core
841,842,Bonnie Hunt
842,843,Neil LaBute
843,844,Grant Heslov
844,845,George Gallo
845,846,Sidney Lumet
846,847,Douglas McGrath
847,848,Kevin Spacey
848,849,Richard Williams
849,850,Mary McGuckian
850,851,Tony Goldwyn
851,852,Dexter Fletcher
852,853,Jonathan Newman
853,854,Andy Cadiff
854,855,Michael Dinner
855,856,Joseph Sargent
856,857,Jerry Zaks
857,858,Fred Durst
858,859,Anne Fontaine
859,860,Mira Nair
860,861,Mel Brooks
861,862,Russell Crowe
862,863,Jessie Nelson
863,864,Christopher Spencer
864,865,Mike Bigelow
865,866,Paul McGuigan
866,867,Daniel Sackheim
867,868,Harry Elfont
868,869,Uli Edel
869,870,Fred Dekker
870,871,Brian Trenchard-Smith
871,872,Blake Edwards
872,873,Laurence Dunmore
873,874,Christian Carion
874,875,David Palmer
875,876,Rowan Joffe
876,877,John Curran
877,878,Juan José Campanella
878,879,Trey Parker
879,880,Stuart Gillard
880,881,Katt Shea
881,882,Joshua Michael Stern
882,883,Tomas Alfredson
883,884,John Duigan
884,885,Colin Higgins
885,886,Jim Sonzero
886,887,Penelope Spheeris
887,888,Jeff Tremaine
888,889,Jeannot Szwarc
889,890,Steve McQueen
890,891,Thea Sharrock
891,892,Aaron Seltzer
892,893,Robin Budd
893,894,Ava DuVernay
894,895,Steve Trenbirth
895,896,Mennan Yapo
896,897,Jun Falkenstein
897,898,Tom McCarthy
898,899,Takashi Shimizu
899,900,Gary Nelson
900,901,Anton Corbijn
901,902,Gregory Nava
902,903,John Patrick Shanley
903,904,Joshua Logan
904,905,Steve Beck
905,906,Todd Strauss-Schulson
906,907,John McNaughton
907,908,Nelson McCormick
908,909,Eric Valette
909,910,Andrew Fleming
910,911,Michael Spierig
911,912,Jim Field Smith
912,913,Thomas Bezucha
913,914,William Brent Bell
914,915,Anthony Bell
915,916,Jessica Bendinger
916,917,Henry Joost
917,918,Ed Harris
918,919,Alfred Hitchcock
919,920,Shana Feste
920,921,Steve Rash
921,922,Mike Binder
922,923,Michael J. Bassett
923,924,Frank Nissen
924,925,Stephen Chow
925,926,Peter Hastings
926,927,Paul Abascal
927,928,Chris Koch
928,929,Amy Heckerling
929,930,Michael Moore
930,931,George Stevens
931,932,Billy Ray
932,933,Mark Mylod
933,934,James Mather
934,935,Michael O. Sajbel
935,936,Charles T. Kanganis
936,937,Damon Santostefano
937,938,Bob Clark
938,939,Dave Borthwick
939,940,Benson Lee
940,941,Glen Morgan
941,942,Mike Leigh
942,943,Alejandro Monteverde
943,944,Jonathan Glazer
944,945,J.C. Chandor
945,946,Paul Gross
946,947,Marc Abraham
947,948,Todd Haynes
948,949,Mabrouk El Mechri
949,950,Charlie Kaufman
950,951,Nancy Walker
951,952,Angelo Pizzo
952,953,Matthew Diamond
953,954,Katsuhiro Ôtomo
954,955,David Anspaugh
955,956,Andrew Jarecki
956,957,Daniel Algrant
957,958,Julie Taymor
958,959,Jane Clark
959,960,Mike Barker
960,961,Wayne Thornley
961,962,Gnana Rajasekaran
962,963,Tom Walsh
963,964,Jonathan Jakubowicz
964,965,Scott Walker
965,966,Mark Rosman
966,967,Rob Hawk
967,968,Britt Allcroft
968,969,Alan Yuen
969,970,Brian Percival
970,971,Anand Tucker
971,972,Anthony Mann
972,973,Michael Dowse
973,974,Daniel Barnz
974,975,Emile Ardolino
975,976,Robert Altman
976,977,James Schamus
977,978,Andrew Douglas
978,979,George A. Romero
979,980,Ricky Gervais
980,981,Terry Zwigoff
981,982,Audrey Wells
982,983,Rick Friedberg
983,984,Sean McNamara
984,985,Jody Hill
985,986,Brandon Camp
986,987,Kevin Tancharoen
987,988,Nicholas Hytner
988,989,Bart Freundlich
989,990,William A. Fraker
990,991,John Boorman
991,992,Courtney Solomon
992,993,Jeff Kanew
993,994,István Szabó
994,995,Matthew Robbins
995,996,Hal Needham
996,997,Jeff Nichols
997,998,Jonathan Teplitzky
998,999,Michael Haneke
999,1000,Zack Ward
1000,1001,Mike Marvin
1001,1002,Gregor Jordan
1002,1003,Tran Anh Hung
1003,1004,Lance Hool
1004,1005,Christian Volckman
1005,1006,Jon Cassar
1006,1007,Rodrigo Cortés
1007,1008,David Hayter
1008,1009,Cory Edwards
1009,1010,Terry George
1010,1011,Xavier Gens
1011,1012,Kasi Lemmons
1012,1013,Brian A Miller
1013,1014,Matt Dillon
1014,1015,George Cukor
1015,1016,John Hoffman
1016,1017,Kevin Greutert
1017,1018,John Fortenberry
1018,1019,Erik White
1019,1020,Chris Robinson
1020,1021,Jason Moore
1021,1022,Robert Harmon
1022,1023,Trent Cooper
1023,1024,Gary Halvorson
1024,1025,Nicholas Ray
1025,1026,Fede Alvarez
1026,1027,Sidney J. Furie
1027,1028,Ian Iqbal Rashid
1028,1029,Wayne Kramer
1029,1030,Rowdy Herrington
1030,1031,Jim Goddard
1031,1032,Noel Marshall
1032,1033,Andrea Di Stefano
1033,1034,Guillaume Ivernel
1034,1035,Jack Smight
1035,1036,Todd Lincoln
1036,1037,Howard Zieff
1037,1038,Steven Shainberg
1038,1039,Julian Jarrold
1039,1040,Joe Nussbaum
1040,1041,Vadim Perelman
1041,1042,Peter Farrelly
1042,1043,Michel Hazanavicius
1043,1044,Cyrus Nowrasteh
1044,1045,Perry Andelin Blake
1045,1046,Christian E. Christiansen
1046,1047,Sheldon Lettich
1047,1048,Diane English
1048,1049,Peter Flinth
1049,1050,Jon Lucas
1050,1051,Robert Iscove
1051,1052,Peter Kosminsky
1052,1053,Nick Gomez
1053,1054,Vic Armstrong
1054,1055,Allen Coulter
1055,1056,Clare Kilner
1056,1057,Josef Rusnak
1057,1058,Lance Rivera
1058,1059,Ronald Neame
1059,1060,Bruce Paltrow
1060,1061,Adam Rifkin
1061,1062,Susanne Bier
1062,1063,Kenneth Johnson
1063,1064,James Ivory
1064,1065,Jessy Terrero
1065,1066,Dany Boon
1066,1067,Vicente Amorim
1067,1068,Gaspar Noé
1068,1069,Jérôme Salle
1069,1070,Tommy Lee Jones
1070,1071,Jesse Vaughan
1071,1072,William Bindley
1072,1073,Wayne Beach
1073,1074,Gérard Krawczyk
1074,1075,Udayan Prasad
1075,1076,JK Youn
1076,1077,Morten Tyldum
1077,1078,Andrés Muschietti
1078,1079,Gillian Armstrong
1079,1080,James Watkins
1080,1081,Jim Fall
1081,1082,Michael Dougherty
1082,1083,Joel Gallen
1083,1084,James Marsh
1084,1085,Matt Williams
1085,1086,Rick Rosenthal
1086,1087,Denzel Washington
1087,1088,Nicolas Winding Refn
1088,1089,Sara Sugarman
1089,1090,Juan Carlos Fresnadillo
1090,1091,Gina Prince-Bythewood
1091,1092,Phil Traill
1092,1093,Joe Berlinger
1093,1094,Elizabeth Allen Rosenbaum
1094,1095,Michael Mayer
1095,1096,Martin Weisz
1096,1097,John Ottman
1097,1098,John Bonito
1098,1099,Peter Atencio
1099,1100,David Nutter
1100,1101,Derek Cianfrance
1101,1102,Stephan Elliott
1102,1103,Mark L. Lester
1103,1104,Tom Green
1104,1105,Mike Nawrocki
1105,1106,Catherine Owens
1106,1107,Douglas Aarniokoski
1107,1108,Bryan Barber
1108,1109,Lone Scherfig
1109,1110,Drew Barrymore
1110,1111,Brian Koppelman
1111,1112,James Foley
1112,1113,Albert Brooks
1113,1114,Steve Gomer
1114,1115,RZA
1115,1116,Mark Piznarski
1116,1117,Craig Brewer
1117,1118,David Raynr
1118,1119,Mort Nathan
1119,1120,Wil Shriner
1120,1121,Martin McDonagh
1121,1122,Tina Gordon Chism
1122,1123,Peter Cattaneo
1123,1124,Vicky Jenson
1124,1125,Mary Lambert
1125,1126,Peter Kassovitz
1126,1127,Rodman Flender
1127,1128,Katja von Garnier
1128,1129,Mark Romanek
1129,1130,Brad Anderson
1130,1131,Michael Chapman
1131,1132,Antonio Banderas
1132,1133,Khalil Sullins
1133,1134,Fritz Lang
1134,1135,Hsiao-Hsien Hou
1135,1136,Andrey Zvyagintsev
1136,1137,Tony Jaa
1137,1138,Ryûhei Kitamura
1138,1139,Darrell Roodt
1139,1140,Dito Montiel
1140,1141,Stefan Ruzowitzky
1141,1142,Jake Paltrow
1142,1143,Juraj Jakubisko
1143,1144,Anthony Silverston
1144,1145,Gabe Ibáñez
1145,1146,Gerry Lively
1146,1147,Daniele Luchetti
1147,1148,Tung-Shing Yee
1148,1149,Julien Temple
1149,1150,Gregory Jacobs
1150,1151,Gilles Paquet-Brenner
1151,1152,Peter Cousens
1152,1153,Lars von Trier
1153,1154,John Blanchard
1154,1155,John Cornell
1155,1156,Vidhu Vinod Chopra
1156,1157,Ole Bornedal
1157,1158,Ted Kotcheff
1158,1159,Jamie Blanks
1159,1160,Randal Kleiser
1160,1161,Bruce McCulloch
1161,1162,Rick Famuyiwa
1162,1163,Alan Cohn
1163,1164,Franco Zeffirelli
1164,1165,Tom Holland
1165,1166,James Isaac
1166,1167,Emilio Estevez
1167,1168,Josh Schwartz
1168,1169,Julian Schnabel
1169,1170,Todd Field
1170,1171,Davis Guggenheim
1171,1172,Stephen Carpenter
1172,1173,James Fargo
1173,1174,Alain Resnais
1174,1175,Chao-Bin Su
1175,1176,Kenneth Lonergan
1176,1177,Bo Zenga
1177,1178,José Padilha
1178,1179,Danny Leiner
1179,1180,Christopher Cain
1180,1181,Theodore Melfi
1181,1182,Ed Decter
1182,1183,Gene Quintano
1183,1184,Eric Bress
1184,1185,Preston A. Whitmore II
1185,1186,Kirk Wong
1186,1187,Bronwen Hughes
1187,1188,John Lafia
1188,1189,Sam Miller
1189,1190,Alex Garland
1190,1191,Mark Brown
1191,1192,Michael Polish
1192,1193,Daisy von Scherler Mayer
1193,1194,Lenny Abrahamson
1194,1195,Bob Saget
1195,1196,John Waters
1196,1197,Craig Bolotin
1197,1198,Mark Christopher
1198,1199,Blair Hayes
1199,1200,Jez Butterworth
1200,1201,Olivier Assayas
1201,1202,Patrice Leconte
1202,1203,Paul Mazursky
1203,1204,Stephen Chbosky
1204,1205,Jon Hess
1205,1206,Joe Cornish
1206,1207,John H. Lee
1207,1208,John Stainton
1208,1209,Benedek Fliegauf
1209,1210,Stewart Hendler
1210,1211,John Cromwell
1211,1212,Mark Herman
1212,1213,Abel Ferrara
1213,1214,Ethan Maniquis
1214,1215,George Hickenlooper
1215,1216,Je-kyu Kang
1216,1217,William Dear
1217,1218,Stéphane Aubier
1218,1219,John Badham
1219,1220,Mike McCoy
1220,1221,Mike Judge
1221,1222,Nima Nourizadeh
1222,1223,Franklin J. Schaffner
1223,1224,John Erick Dowdle
1224,1225,David Moreau
1225,1226,Christopher Erskin
1226,1227,Brian Henson
1227,1228,Dan Cutforth
1228,1229,Josh Boone
1229,1230,Jake Schreier
1230,1231,Cheryl Dunye
1231,1232,Ernest R. Dickerson
1232,1233,Lionel C. Martin
1233,1234,Wallace Wolodarsky
1234,1235,Nicholas Jarecki
1235,1236,Dean Israelite
1236,1237,Darnell Martin
1237,1238,Scott Alexander
1238,1239,Stuart Gordon
1239,1240,Christopher Guest
1240,1241,Jane Campion
1241,1242,Fred Schepisi
1242,1243,Antonia Bird
1243,1244,Jon Poll
1244,1245,Paolo Sorrentino
1245,1246,Peter Care
1246,1247,Chan-wook Park
1247,1248,Ira Sachs
1248,1249,Carroll Ballard
1249,1250,Takeshi Kitano
1250,1251,Marco Kreuzpaintner
1251,1252,Lajos Koltai
1252,1253,Alan Rudolph
1253,1254,Chuan Lu
1254,1255,Lijun Sun
1255,1256,Takashi Yamazaki
1256,1257,Christopher Smith
1257,1258,Timothy Hines
1258,1259,David Winters
1259,1260,Akira Kurosawa
1260,1261,Jamie Thraves
1261,1262,Mabel Cheung
1262,1263,Dan Mazer
1263,1264,R.J. Cutler
1264,1265,David S. Ward
1265,1266,Rob Pritts
1266,1267,John Crowley
1267,1268,Brendan Malloy
1268,1269,Dustin Hoffman
1269,1270,Gregory Poirier
1270,1271,Simon Curtis
1271,1272,Dewey Nicks
1272,1273,Philip Saville
1273,1274,William A. Graham
1274,1275,Martin Ritt
1275,1276,John Turturro
1276,1277,Agnieszka Holland
1277,1278,David Hackl
1278,1279,Giuliano Montaldo
1279,1280,Lisa Azuelos
1280,1281,Ray Lawrence
1281,1282,Karan Johar
1282,1283,Ruairi Robinson
1283,1284,Jaume Balagueró
1284,1285,Jon Kasdan
1285,1286,Léa Pool
1286,1287,Floyd Mutrux
1287,1288,Sajid Khan
1288,1289,Dean Wright
1289,1290,Eric Lartigau
1290,1291,Shintaro Shimosawa
1291,1292,Darren Lynn Bousman
1292,1293,James DeMonaco
1293,1294,Ken Annakin
1294,1295,Carol Reed
1295,1296,Chuck Sheetz
1296,1297,Marcus Raboy
1297,1298,Leigh Whannell
1298,1299,Michael Schultz
1299,1300,Peter Sollett
1300,1301,Bob Dolman
1301,1302,Greg Coolidge
1302,1303,David Lowery
1303,1304,Ciarán Foy
1304,1305,Salim Akil
1305,1306,Olatunde Osunsanmi
1306,1307,Leon Ichaso
1307,1308,Joseph Zito
1308,1309,Patricia Rozema
1309,1310,Rob Schmidt
1310,1311,Robert Ben Garant
1311,1312,Morgan Spurlock
1312,1313,Neal Brennan
1313,1314,Tuck Tucker
1314,1315,Theodore Witcher
1315,1316,Jim Hanon
1316,1317,Michael Patrick Jann
1317,1318,Jorma Taccone
1318,1319,Florian Henckel von Donnersmarck
1319,1320,Jeff Lowell
1320,1321,Lorene Scafaria
1321,1322,Marcus Dunstan
1322,1323,Timothy Björklund
1323,1324,François Girard
1324,1325,Scott Kalvert
1325,1326,Jason Bateman
1326,1327,David Schwimmer
1327,1328,Allan Arkush
1328,1329,Eric Bross
1329,1330,Dan Fogelman
1330,1331,Jay Duplass
1331,1332,Luca Guadagnino
1332,1333,John Putch
1333,1334,Peter Medak
1334,1335,Terence Davies
1335,1336,Harley Cokeliss
1336,1337,Tom Brady
1337,1338,Jason Zada
1338,1339,Noah Baumbach
1339,1340,Eric Blakeney
1340,1341,Rakesh Roshan
1341,1342,Derrick Borte
1342,1343,Richard Kwietniowski
1343,1344,Bob Odenkirk
1344,1345,Joshua Seftel
1345,1346,Vincent Gallo
1346,1347,Claude Chabrol
1347,1348,Jon Stewart
1348,1349,Bigas Luna
1349,1350,Ralph Fiennes
1350,1351,Dan Harris
1351,1352,Mel Smith
1352,1353,Bobcat Goldthwait
1353,1354,Jake Scott
1354,1355,Alan Metter
1355,1356,Rafa Lara
1356,1357,Arthur Hiller
1357,1358,Michael Meredith
1358,1359,Julio DePietro
1359,1360,Katherine Dieckmann
1360,1361,Kim Farrant
1361,1362,Scott Marshall
1362,1363,Álex de la Iglesia
1363,1364,Andrew Traucki
1364,1365,Michael Clancy
1365,1366,Robert Adetuyi
1366,1367,Kari Skogland
1367,1368,Taedong Park
1368,1369,Paul Schrader
1369,1370,Benedikt Erlingsson
1370,1371,Gurinder Chadha
1371,1372,Jason Connery
1372,1373,Vic Sarin
1373,1374,Jim Issa
1374,1375,William Phillips
1375,1376,Andy Garcia
1376,1377,Sarik Andreasyan
1377,1378,Julian Gilbey
1378,1379,Gary Sherman
1379,1380,Valeri Milev
1380,1381,Stanley Kramer
1381,1382,Pedro Almodóvar
1382,1383,Gerald Potterton
1383,1384,Anurag Basu
1384,1385,Kriv Stenders
1385,1386,Yash Chopra
1386,1387,Floria Sigismondi
1387,1388,Ferzan Ozpetek
1388,1389,Kris Isacsson
1389,1390,Ben Younger
1390,1391,Daniel Taplitz
1391,1392,Tamara Jenkins
1392,1393,Linda Mendoza
1393,1394,Hart Bochner
1394,1395,Stewart Raffill
1395,1396,Hong-jin Na
1396,1397,Chatrichalerm Yukol
1397,1398,Dario Argento
1398,1399,Eric Lavaine
1399,1400,Marc Forby
1400,1401,Scott Mann
1401,1402,Ole Christian Madsen
1402,1403,Meiert Avis
1403,1404,André Téchiné
1404,1405,Emily Young
1405,1406,Peter Faiman
1406,1407,Martyn Pick
1407,1408,Roland Suso Richter
1408,1409,Jeremy Sims
1409,1410,Maïwenn
1410,1411,Joby Harold
1411,1412,Ekachai Uekrongtham
1412,1413,Mark Rydell
1413,1414,David E. Talbert
1414,1415,Roger Vadim
1415,1416,Nils Gaup
1416,1417,Ari Sandel
1417,1418,Vondie Curtis-Hall
1418,1419,Tom Elkins
1419,1420,Woo-Suk Kang
1420,1421,Herbert Ross
1421,1422,John Sayles
1422,1423,Vipul Amrutlal Shah
1423,1424,Ken Loach
1424,1425,Ayan Mukerji
1425,1426,John G. Avildsen
1426,1427,Mervyn LeRoy
1427,1428,Serdar Akar
1428,1429,James Frawley
1429,1430,Dan Gilroy
1430,1431,Jonathan Dayton
1431,1432,Chris Stokes
1432,1433,Don Siegel
1433,1434,Martin Lawrence
1434,1435,Masayuki Ochiai
1435,1436,Tom Gormican
1436,1437,Ken Shapiro
1437,1438,Justin Tipping
1438,1439,Peter R. Hunt
1439,1440,Doug Atchison
1440,1441,Tamra Davis
1441,1442,Jonas Elmer
1442,1443,Mary Harron
1443,1444,Erik Canuel
1444,1445,Troy Duffy
1445,1446,Nicole Holofcener
1446,1447,Matty Rich
1447,1448,Fina Torres
1448,1449,Duke Johnson
1449,1450,François Ozon
1450,1451,Anna Boden
1451,1452,Steve James
1452,1453,Michael Winner
1453,1454,Tomm Moore
1454,1455,John Carney
1455,1456,David Jacobson
1456,1457,Michael Corrente
1457,1458,Edward Hall
1458,1459,Keith Gordon
1459,1460,Andrew Currie
1460,1461,Andrew Wilson
1461,1462,Marc Schölermann
1462,1463,Robert Moresco
1463,1464,Thomas Vinterberg
1464,1465,Claudia Llosa
1465,1466,Charles Binamé
1466,1467,Keith Parmer
1467,1468,Ol Parker
1468,1469,James Nunn
1469,1470,David Webb Peoples
1470,1471,Michael Winnick
1471,1472,Stanley Tong
1472,1473,David Oelhoffen
1473,1474,Eli Roth
1474,1475,Tony Richardson
1475,1476,Charles Robert Carner
1476,1477,Russell Holt
1477,1478,Claude Miller
1478,1479,Sacha Bennett
1479,1480,Rodrigo García
1480,1481,Jeta Amata
1481,1482,Siddharth Anand
1482,1483,Vincent Paronnaud
1483,1484,Dennis Gansel
1484,1485,Daniel Barber
1485,1486,Robert Marcarelli
1486,1487,Ernie Barbarash
1487,1488,Guy Hamilton
1488,1489,Adam Brooks
1489,1490,Michael Anderson
1490,1491,Don Kempf
1491,1492,Matt Bettinelli-Olpin
1492,1493,Rob Zombie
1493,1494,Sharron Miller
1494,1495,Aaron Schneider
1495,1496,Tom Ford
1496,1497,Tony Maylam
1497,1498,Mitch Davis
1498,1499,Kevin Brodie
1499,1500,Lynne Ramsay
1500,1501,John Stephenson
1501,1502,Tim Chambers
1502,1503,Dick Richards
1503,1504,Bob Gosse
1504,1505,Alex Zamm
1505,1506,Spencer Susser
1506,1507,Thaddeus O'Sullivan
1507,1508,Shari Springer Berman
1508,1509,Aleksey German
1509,1510,Stephen Milburn Anderson
1510,1511,Richard E. Grant
1511,1512,David Lam
1512,1513,Vladlen Barbe
1513,1514,Richard Rich
1514,1515,Robert C. Cooper
1515,1516,Kim Nguyen
1516,1517,Jackie Earle Haley
1517,1518,Max Färberböck
1518,1519,Arie Posin
1519,1520,Damian Nieman
1520,1521,Mark Tonderai
1521,1522,Ian Fitzgibbon
1522,1523,Rachel Perkins
1523,1524,Luis Valdez
1524,1525,Alan Alda
1525,1526,Louis Morneau
1526,1527,Caroline Link
1527,1528,Sterling Van Wagenen
1528,1529,Zal Batmanglij
1529,1530,Hans Petter Moland
1530,1531,Oren Moverman
1531,1532,Ian Sharp
1532,1533,Wolfgang Becker
1533,1534,George Roy Hill
1534,1535,Robert Stevenson
1535,1536,Jerome Robbins
1536,1537,Gary Hardwick
1537,1538,King Vidor
1538,1539,Fred Savage
1539,1540,Sammo Kam-Bo Hung
1540,1541,Rusty Cundieff
1541,1542,Dominique Othenin-Girard
1542,1543,Jean-Jacques Mantello
1543,1544,Risa Bramon Garcia
1544,1545,Brian Klugman
1545,1546,Matt Piedmont
1546,1547,Raymond De Felitta
1547,1548,John Michael McDonagh
1548,1549,Deb Hagan
1549,1550,Zach Cregger
1550,1551,Zach Braff
1551,1552,Mark Tarlov
1552,1553,John Cameron Mitchell
1553,1554,Jon Knautz
1554,1555,David Atkins
1555,1556,Patrick Stettner
1556,1557,Sam Peckinpah
1557,1558,Michael Crichton
1558,1559,Sylvio Tabet
1559,1560,Rick Bieber
1560,1561,Joey Lauren Adams
1561,1562,Fred Zinnemann
1562,1563,S.R. Bindler
1563,1564,Greg Marcks
1564,1565,Perry Lang
1565,1566,Jake Goldberger
1566,1567,William Kaufman
1567,1568,Cédric Klapisch
1568,1569,Kate Barker-Froyland
1569,1570,Martin Koolhoven
1570,1571,Charles Matthau
1571,1572,Christopher M. Bessette
1572,1573,Prachya Pinkaew
1573,1574,Gary Sinyor
1574,1575,Ashish R. Mohan
1575,1576,Darren Grant
1576,1577,Joseph Gordon-Levitt
1577,1578,William Sachs
1578,1579,Christophe Barratier
1579,1580,Émile Gaudreault
1580,1581,James Cox
1581,1582,James Toback
1582,1583,Aki Kaurismäki
1583,1584,Hitoshi Matsumoto
1584,1585,Rakeysh Omprakash Mehra
1585,1586,Collin Schiffli
1586,1587,George Ratliff
1587,1588,Shane Meadows
1588,1589,Jon Wright
1589,1590,Michael McGowan
1590,1591,Liv Ullmann
1591,1592,Rohan Sippy
1592,1593,Dan Trachtenberg
1593,1594,David F. Sandberg
1594,1595,Stiles White
1595,1596,Joel Edgerton
1596,1597,Eugenio Derbez
1597,1598,Henry Koster
1598,1599,Patty Jenkins
1599,1600,Christopher Landon
1600,1601,David Gelb
1601,1602,Mike Flanagan
1602,1603,Nat Faxon
1603,1604,George Jackson
1604,1605,Maurice Joyce
1605,1606,Robert Duvall
1606,1607,Frank Perry
1607,1608,Jesse Peretz
1608,1609,Ice Cube
1609,1610,Tim Blake Nelson
1610,1611,Richard Glatzer
1611,1612,Michael Curtiz
1612,1613,Bruce Malmuth
1613,1614,Rob Hedden
1614,1615,Harmony Korine
1615,1616,Joe Chappelle
1616,1617,Mickey Liddell
1617,1618,Fred Walton
1618,1619,Steve Carver
1619,1620,Gonzalo López-Gallego
1620,1621,Christine Jeffs
1621,1622,Don Coscarelli
1622,1623,Michael Tiddes
1623,1624,Bill Duke
1624,1625,Frank Borzage
1625,1626,Mamoru Hosoda
1626,1627,Brian Dannelly
1627,1628,Denys Arcand
1628,1629,J.S. Cardone
1629,1630,Jay Levey
1630,1631,Nicholaus Goossen
1631,1632,Ronan Chapalain
1632,1633,Xavier Beauvois
1633,1634,Randall Miller
1634,1635,Jerry Belson
1635,1636,Dan Rush
1636,1637,Michael Cuesta
1637,1638,Fenton Bailey
1638,1639,Jeremy Saulnier
1639,1640,Billy Kent
1640,1641,James Manera
1641,1642,Feroz Abbas Khan
1642,1643,Errol Morris
1643,1644,Dennis Hopper
1644,1645,Eli Craig
1645,1646,Nicholas Fackler
1646,1647,Richard Wallace
1647,1648,Morgan J. Freeman
1648,1649,Matthew Hastings
1649,1650,Klaus Menzel
1650,1651,Oren Peli
1651,1652,Paul Andrew Williams
1652,1653,Jim Amatulli
1653,1654,William H. Macy
1654,1655,Barrett Esposito
1655,1656,Vicky Jewson
1656,1657,Marc Bennett
1657,1658,Mike Mayhall
1658,1659,Stanton Barrett
1659,1660,Jirí Menzel
1660,1661,Fatih Akin
1661,1662,Nick Murphy
1662,1663,Frank LaLoggia
1663,1664,Jeremy Brock
1664,1665,Scott Foley
1665,1666,Christophe Ali
1666,1667,Gabriela Tagliavini
1667,1668,Shekar
1668,1669,Shona Auerbach
1669,1670,Leonard Farlinger
1670,1671,Michel Leclerc
1671,1672,Analeine Cal y Mayor
1672,1673,Tom Kalin
1673,1674,Robert Sarkies
1674,1675,John Huston
1675,1676,Walter Lang
1676,1677,Carlos Saura
1677,1678,Andrew Erwin
1678,1679,Beto Gómez
1679,1680,Mike van Diem
1680,1681,Jonas Åkerlund
1681,1682,Todd Solondz
1682,1683,René Féret
1683,1684,Barry Skolnick
1684,1685,Johnnie To
1685,1686,Mateo Gil
1686,1687,Lukas Moodysson
1687,1688,Agnieszka Wojtowicz-Vosloo
1688,1689,Kabir Sadanand
1689,1690,Peter DeLuise
1690,1691,Raja Menon
1691,1692,Nick Love
1692,1693,R. Balki
1693,1694,Ivan Engler
1694,1695,Cecil B. DeMille
1695,1696,Henry Hobson
1696,1697,Mike Figgis
1697,1698,Duane Journey
1698,1699,Dan O'Bannon
1699,1700,Billy Wilder
1700,1701,Lisa Cholodenko
1701,1702,John Sturges
1702,1703,William Arntz
1703,1704,Ed Gass-Donnelly
1704,1705,DJ Pooh
1705,1706,James Melkonian
1706,1707,Roger Avary
1707,1708,Allison Anders
1708,1709,Rick de Oliveira
1709,1710,Jeff Franklin
1710,1711,Mike Mills
1711,1712,Dave McKean
1712,1713,Ron Fricke
1713,1714,Ruggero Deodato
1714,1715,Gavin Wiesen
1715,1716,Mora Stephens
1716,1717,Mars Callahan
1717,1718,Leos Carax
1718,1719,Stefan Schwartz
1719,1720,Robert Lee King
1720,1721,Jorge Ramírez Suárez
1721,1722,Dan Ireland
1722,1723,Fernando León de Aranoa
1723,1724,Jim Mickle
1724,1725,Karim Aïnouz
1725,1726,Sam Levinson
1726,1727,Aleksandr Veledinskiy
1727,1728,Peter H. Hunt
1728,1729,Ruba Nadda
1729,1730,Howard Hughes
1730,1731,Edward Burns
1731,1732,Sean Byrne
1732,1733,Mark Griffiths
1733,1734,Bruce Macdonald
1734,1735,Victor Fleming
1735,1736,Richard Raymond
1736,1737,Alan Jacobs
1737,1738,George Sidney
1738,1739,Christopher Morris
1739,1740,Andrucha Waddington
1740,1741,Peter Stebbings
1741,1742,Vincente Minnelli
1742,1743,Dagur Kári
1743,1744,Jim Abrahams
1744,1745,Kevin Carraway
1745,1746,Michael Gornick
1746,1747,Richard Brooks
1747,1748,Robert Eggers
1748,1749,Michael Martin
1749,1750,Gideon Raff
1750,1751,Louis C.K.
1751,1752,Anthony C. Ferrante
1752,1753,Salvador Carrasco
1753,1754,André Øvredal
1754,1755,Robert Cary
1755,1756,Adam Rapp
1756,1757,Warren P. Sonoda
1757,1758,Amanda Gusack
1758,1759,Avi Nesher
1759,1760,Charles Adelman
1760,1761,Jay Oliva
1761,1762,Charles Ferguson
1762,1763,Mark Young
1763,1764,Daniel Petrie Jr.
1764,1765,Antonio Simoncini
1765,1766,Luc Jacquet
1766,1767,Eldar Rapaport
1767,1768,Clark Gregg
1768,1769,Damien Chazelle
1769,1770,Justin Kerrigan
1770,1771,Nathan Frankowski
1771,1772,Karen Moncrieff
1772,1773,Jennifer Finnigan
1773,1774,Eric Styles
1774,1775,Laurent Cantet
1775,1776,John Ford
1776,1777,Max Mayer
1777,1778,Joshua Marston
1778,1779,John Gulager
1779,1780,Brandon Cronenberg
1780,1781,Frank Capra
1781,1782,Tod Williams
1782,1783,Jack Sholder
1783,1784,Ted Post
1784,1785,Kunihiko Yuyama
1785,1786,Tom McLoughlin
1786,1787,Adam Marcus
1787,1788,John Maclean
1788,1789,Benny Boom
1789,1790,Howard Hawks
1790,1791,Nnegest Likké
1791,1792,Christopher Leitch
1792,1793,Patricia Cardoso
1793,1794,Damien O'Donnell
1794,1795,Peter M. Cohen
1795,1796,Mel Stuart
1796,1797,Anthony Hickox
1797,1798,Tom Schulman
1798,1799,Jill Sprecher
1799,1800,Darren Stein
1800,1801,David Nixon
1801,1802,Jason Eisener
1802,1803,Enrique Begne
1803,1804,Matthew Bright
1804,1805,Michael Landon Jr.
1805,1806,Andrea Arnold
1806,1807,Whit Stillman
1807,1808,Leslye Headland
1808,1809,Bobby Roth
1809,1810,Tim Heidecker
1810,1811,Kate Connor
1811,1812,Deon Taylor
1812,1813,Jason Alexander
1813,1814,Conor McPherson
1814,1815,Will Canon
1815,1816,Philip Zlotorynski
1816,1817,Lance Kawas
1817,1818,Francesca Gregorini
1818,1819,Marcio Garcia
1819,1820,Craig Moss
1820,1821,Michael Jai White
1821,1822,Paolo Monico
1822,1823,Youssef Delara
1823,1824,Darin Scott
1824,1825,Christian Sesma
1825,1826,Monte Hellman
1826,1827,Brian Caunter
1827,1828,Chris D'Arienzo
1828,1829,Isaac Florentine
1829,1830,Susan Seidelman
1830,1831,Heidi Ewing
1831,1832,Leon Ford
1832,1833,Hank Braxtan
1833,1834,John Carl Buechler
1834,1835,Rajkumar Hirani
1835,1836,Victor Nunez
1836,1837,Rohit Jugraj
1837,1838,Thorbjørn Christoffersen
1838,1839,Alex van Warmerdam
1839,1840,Pawel Pawlikowski
1840,1841,Frank Sebastiano
1841,1842,Rand Ravich
1842,1843,Stacy Peralta
1843,1844,Nacho Vigalondo
1844,1845,Hao Ning
1845,1846,Tony Giglio
1846,1847,Stanley Donen
1847,1848,Joe Cross
1848,1849,Dinesh D'Souza
1849,1850,Tommy Lee Wallace
1850,1851,Don Taylor
1851,1852,Leslie Small
1852,1853,Éric Tessier
1853,1854,Alison Maclean
1854,1855,Alice Wu
1855,1856,Sarah Gavron
1856,1857,Isabel Coixet
1857,1858,James Ponsoldt
1858,1859,Joshua Tickell
1859,1860,Tim Boxell
1860,1861,Michael D. Sellers
1861,1862,Reed Cowan
1862,1863,James Dodson
1863,1864,Alex Rivera
1864,1865,John Murlowski
1865,1866,Benni Diez
1866,1867,Danny Perez
1867,1868,Robby Henson
1868,1869,Zackary Adler
1869,1870,Dominic Burns
1870,1871,Carmen Marron
1871,1872,Jerry Rees
1872,1873,Jaco Booyens
1873,1874,Danny Steinmann
1874,1875,Jon Gunn
1875,1876,Hayley Cloake
1876,1877,Tay Garnett
1877,1878,Shyam Madiraju
1878,1879,Harmage Singh Kalirai
1879,1880,Rita Merson
1880,1881,William Wyler
1881,1882,Larry Clark
1882,1883,Petter Næss
1883,1884,Robert Fontaine
1884,1885,Dan Perri
1885,1886,Neil Mcenery-West
1886,1887,Anthony O'Brien
1887,1888,Michael Herz
1888,1889,David Robert Mitchell
1889,1890,Robert Mulligan
1890,1891,Chia-Liang Liu
1891,1892,Chris Kentis
1892,1893,Alex Kendrick
1893,1894,Robert Rossen
1894,1895,Jack Conway
1895,1896,Sylvain Chomet
1896,1897,Chris Eyre
1897,1898,Elia Kazan
1898,1899,Debra Granik
1899,1900,Henry King
1900,1901,Miranda July
1901,1902,Max Joseph
1902,1903,Jim Jarmusch
1903,1904,Kevin Tenney
1904,1905,Ari Folman
1905,1906,Gary Rogers
1906,1907,Marielle Heller
1907,1908,David Sington
1908,1909,Kelly Reichardt
1909,1910,Bob Giraldi
1910,1911,Huck Botko
1911,1912,David Duchovny
1912,1913,Mitchell Lichtenstein
1913,1914,Lance Mungia
1914,1915,Kundan Shah
1915,1916,Hue Rhodes
1916,1917,Jugal Hansraj
1917,1918,Danny Provenzano
1918,1919,Bill Muir
1919,1920,Noah Buschel
1920,1921,Brian Yuzna
1921,1922,Hunter Richards
1922,1923,Laurie Collyer
1923,1924,Aaron Hann
1924,1925,Phil Claydon
1925,1926,Ralph Ziman
1926,1927,John Simpson
1927,1928,Colin Minihan
1928,1929,Conor McMahon
1929,1930,Chris Shadley
1930,1931,Simon Napier-Bell
1931,1932,Simon Yin
1932,1933,Jeff Crook
1933,1934,Orson Welles
1934,1935,Dave Payne
1935,1936,Brad Copeland
1936,1937,Paul Bunnell
1937,1938,Phil Morrison
1938,1939,Harald Reinl
1939,1940,Tanner Beard
1940,1941,Scott Dow
1941,1942,Derick Martini
1942,1943,Jerry Dugan
1943,1944,Tim Hunter
1944,1945,Richard Ayoade
1945,1946,Jehane Noujaim
1946,1947,Pascal Arnold
1947,1948,Remo
1948,1949,John Laing
1949,1950,Jamal Hill
1950,1951,Daniel Stamm
1951,1952,Carlos Carrera
1952,1953,Benh Zeitlin
1953,1954,J. Lee Thompson
1954,1955,Maggie Greenwald
1955,1956,Vera Farmiga
1956,1957,Vijay Chandar
1957,1958,Jonathan Wacks
1958,1959,Khyentse Norbu
1959,1960,Tony Krantz
1960,1961,Mitchell Altieri
1961,1962,W.D. Hogan
1962,1963,Corey Grant
1963,1964,Lucky McKee
1964,1965,Richard Boddington
1965,1966,David Hunt
1966,1967,Steven R. Monroe
1967,1968,Mark Illsley
1968,1969,Ritesh Batra
1969,1970,Sally Potter
1970,1971,Brad J. Silverman
1971,1972,Dave Meyers
1972,1973,David M. Matthews
1973,1974,Nadine Labaki
1974,1975,Lluís Quílez
1975,1976,Eytan Fox
1976,1977,Romesh Sharma
1977,1978,François Truffaut
1978,1979,Adam Goldberg
1979,1980,Travis Zariwny
1980,1981,Adrienne Shelly
1981,1982,Newt Arnold
1982,1983,Alex Cox
1983,1984,Fabián Bielinsky
1984,1985,Dror Moreh
1985,1986,Rebecca Miller
1986,1987,Maggie Carey
1987,1988,Henry Bean
1988,1989,Simeon Rice
1989,1990,Jeff Garlin
1990,1991,Qasim Basir
1991,1992,Adam Green
1992,1993,Charles Chaplin
1993,1994,Pete Jones
1994,1995,Bruce Campbell
1995,1996,Adam Carolla
1996,1997,Bruce McDonald
1997,1998,James Mottern
1998,1999,Jaime Zevallos
1999,2000,Gerard Johnstone
2000,2001,Robert Greenwald
2001,2002,David Ray
2002,2003,Dave Rodriguez
2003,2004,Nae Caranfil
2004,2005,David Winning
2005,2006,Frank Lotito
2006,2007,Timothy Woodward Jr.
2007,2008,Tara Subkoff
2008,2009,Russell Friedenberg
2009,2010,William Cottrell
2010,2011,Lucrecia Martel
2011,2012,Edward Dmytryk
2012,2013,Zak Penn
2013,2014,Alex Ranarivelo
2014,2015,Mathieu Amalric
2015,2016,David Worth
2016,2017,Leslie H. Martinson
2017,2018,Robert M. Young
2018,2019,Steve Buscemi
2019,2020,Ham Tran
2020,2021,Rich Cowan
2021,2022,Boris Rodriguez
2022,2023,Sadyk Sher-Niyaz
2023,2024,Paul Donovan
2024,2025,Jonathan Kesselman
2025,2026,Arjun Sablok
2026,2027,Tyler Oliver
2027,2028,Douglas Cheek
2028,2029,Deryck Broom
2029,2030,Henry Hathaway
2030,2031,Giovanni Zelko
2031,2032,Claudia Sainte-Luce
2032,2033,Jamie Babbit
2033,2034,David Boyd
2034,2035,Anna Muylaert
2035,2036,Steve Taylor
2036,2037,Kurt Voss
2037,2038,James David Pasternak
2038,2039,Laurent Bouhnik
2039,2040,Tom Sanchez
2040,2041,David Caffrey
2041,2042,Adam Jay Epstein
2042,2043,Justin Thomas Ostensen
2043,2044,Brenton Spencer
2044,2045,Ossie Davis
2045,2046,Jay Alaimo
2046,2047,Dylan Bank
2047,2048,Rob McKittrick
2048,2049,Jeff Burr
2049,2050,Harry Gantz
2050,2051,Guy Maddin
2051,2052,Regardt van den Bergh
2052,2053,Panos Cosmatos
2053,2054,Gareth Evans
2054,2055,Matthew R. Anderson
2055,2056,Joe Marino
2056,2057,Joel Anderson
2057,2058,Shimit Amin
2058,2059,Douglas Trumbull
2059,2060,Mona Fastvold
2060,2061,Levan Gabriadze
2061,2062,Bradley Parker
2062,2063,Clive Barker
2063,2064,Harold Cronk
2064,2065,Takao Okawara
2065,2066,Duncan Tucker
2066,2067,Russ Meyer
2067,2068,Robert D. Webb
2068,2069,Allan Dwan
2069,2070,Andrew Steggall
2070,2071,Ben Lewin
2071,2072,Robert Kenner
2072,2073,Craig Johnson
2073,2074,Sean Durkin
2074,2075,Gillian Robespierre
2075,2076,Courtney Hunt
2076,2077,Morgan Neville
2077,2078,Chris Paine
2078,2079,Greg Berlanti
2079,2080,Marc Levin
2080,2081,Richard Dutcher
2081,2082,Khalid Mohamed
2082,2083,Finn Taylor
2083,2084,José Luis Valenzuela
2084,2085,Gia Coppola
2085,2086,Scandar Copti
2086,2087,Goran Dukic
2087,2088,Mike Cahill
2088,2089,Efram Potelle
2089,2090,Joshua Oppenheimer
2090,2091,Alex Gibney
2091,2092,Paul Crowder
2092,2093,Rohit Jagessar
2093,2094,Anthony Powell
2094,2095,Kief Davidson
2095,2096,Johnny Remo
2096,2097,Vivek Agnihotri
2097,2098,Ti West
2098,2099,Nick Tomnay
2099,2100,Nickolas Perry
2100,2101,Dan Zukovic
2101,2102,Becky Smith
2102,2103,Eric Nicholas
2103,2104,Benjamin Dickinson
2104,2105,Hal Haberman
2105,2106,A. Raven Cruz
2106,2107,Frank Whaley
2107,2108,Amat Escalante
2108,2109,Wajahat Rauf
2109,2110,Katherine Brooks
2110,2111,David Cross
2111,2112,Randall Rubin
2112,2113,Robert Bennett
2113,2114,Mary Pat Kelly
2114,2115,Lori Petty
2115,2116,Charlie Levi
2116,2117,Kevin Hamedani
2117,2118,David DeCoteau
2118,2119,Mikel Rueda
2119,2120,Stefan C. Schaefer
2120,2121,Michael Taliferro
2121,2122,Katie Aselton
2122,2123,Robert Heath
2123,2124,D. Stevens
2124,2125,Jeffrey St. Jules
2125,2126,Robert Hall
2126,2127,K. King
2127,2128,Jonathan Meyers
2128,2129,Ralph Nelson
2129,2130,Blair Erickson
2130,2131,Allison Burnett
2131,2132,Richard Schenkman
2132,2133,Sanjay Rawal
2133,2134,Kat Coiro
2134,2135,Cristian Mungiu
2135,2136,Brian Dorton
2136,2137,Maryam Keshavarz
2137,2138,Ramaa Mosley
2138,2139,Ric Roman Waugh
2139,2140,C. Jay Cox
2140,2141,Mariette Monpierre
2141,2142,Tommy Oliver
2142,2143,Jamie Travis
2143,2144,Rich Christiano
2144,2145,Natalie Bible'
2145,2146,Asghar Farhadi
2146,2147,Justin Molotnikov
2147,2148,Georg Wilhelm Pabst
2148,2149,Daniel Davila
2149,2150,Jorge Gaggero
2150,2151,Michael Burke
2151,2152,Catherine Jelski
2152,2153,Shane Dawson
2153,2154,Ryan Little
2154,2155,Clark Baker
2155,2156,Matt Maiellaro
2156,2157,Ben Wheatley
2157,2158,Oliver Blackburn
2158,2159,Christopher Hutson
2159,2160,David LaChapelle
2160,2161,Caryn Waechter
2161,2162,Emily Dell
2162,2163,Ryan Fleck
2163,2164,Jennifer Wynne Farmer
2164,2165,Christopher Scott Cherot
2165,2166,H.M. Coakley
2166,2167,Randy Moore
2167,2168,Chris Atkins
2168,2169,Bill Benenson
2169,2170,Ryan Smith
2170,2171,Travis Romero
2171,2172,Anna Mastro
2172,2173,Mark Sandrich
2173,2174,Daniel Myrick
2174,2175,Michael Wadleigh
2175,2176,Gene Teigland
2176,2177,Scott Ziehl
2177,2178,Richard Montoya
2178,2179,Johanna Schwartz
2179,2180,William Gazecki
2180,2181,Lance McDaniel
2181,2182,Thomas Lilti
2182,2183,Michael Walker
2183,2184,U. Roberto Romano
2184,2185,Amy Holden Jones
2185,2186,Blaz Zavrsnik
2186,2187,Pan Nalin
2187,2188,Joe Camp
2188,2189,Matt Walsh
2189,2190,John 'Bud' Cardos
2190,2191,Marilyn Agrelo
2191,2192,Brian Baugh
2192,2193,Patrick Creadon
2193,2194,Barry W. Blaustein
2194,2195,Kurt Hale
2195,2196,Siddiq Barmak
2196,2197,Joseph Dorman
2197,2198,Greg Harrison
2198,2199,Jacob Aaron Estes
2199,2200,Eric Schaeffer
2200,2201,Neema Barnette
2201,2202,Joe Swanberg
2202,2203,Molly Bernstein
2203,2204,Marius A. Markevicius
2204,2205,Tom DiCillo
2205,2206,Quentin Dupieux
2206,2207,Alex Smith
2207,2208,Gareth Edwards
2208,2209,Jonathan Parker
2209,2210,Sol Tryon
2210,2211,Alex Craig Mann
2211,2212,Stephen Kijak
2212,2213,Daston Kalili
2213,2214,Michael Hoffman Jr.
2214,2215,Patrick Gilles
2215,2216,Georgia Hilton
2216,2217,Jack Heller
2217,2218,Fernando Baez Mella
2218,2219,Warren Sheppard
2219,2220,Justin Paul Miller
2220,2221,Joel Paul Reisig
2221,2222,Catherine Gund
2222,2223,Luke Dye
2223,2224,Alec Asten
2224,2225,Hans Canosa
2225,2226,Lloyd Kaufman
2226,2227,Matthew Watts
2227,2228,Lloyd Bacon
2228,2229,Joe Kenemore
2229,2230,Kay Pollak
2230,2231,Eric England
2231,2232,Sue Corcoran
2232,2233,Jonathan Caouette
2233,2234,Ray Griggs
2234,2235,Matt Jackson
2235,2236,Lucio Fulci
2236,2237,Paul Fox
2237,2238,Ari Kirschenbaum
2238,2239,Cassandra Nicolaou
2239,2240,Ingmar Bergman
2240,2241,D.W. Griffith
2241,2242,Roger Nygard
2242,2243,Harry Beaumont
2243,2244,Franck Khalfoun
2244,2245,Mor Loushy
2245,2246,Henry Alex Rubin
2246,2247,Sam Firstenberg
2247,2248,Doug Block
2248,2249,Chad Kapper
2249,2250,Paul Fierlinger
2250,2251,Yorgos Lanthimos
2251,2252,Lauren Lazin
2252,2253,Gregory Widen
2253,2254,Niall Johnson
2254,2255,Eric Mendelsohn
2255,2256,Jean-Luc Godard
2256,2257,Florence Ayisi
2257,2258,Michael Roemer
2258,2259,Eddie O'Flaherty
2259,2260,Babar Ahmed
2260,2261,John D. Hancock
2261,2262,Paul Bartel
2262,2263,Bruce Dellis
2263,2264,Pece Dingo
2264,2265,Jerome Elston Scott
2265,2266,Étienne Faure
2266,2267,Herb Freed
2267,2268,Jack Perez
2268,2269,Craig Zobel
2269,2270,Ken Del Conte
2270,2271,Maria Maggenti
2271,2272,Piyush Dinker Pandya
2272,2273,Daniel Columbie
2273,2274,Emma-Kate Croghan
2274,2275,Bill Plympton
2275,2276,Drake Doremus
2276,2277,Al Franklin
2277,2278,Michael Kang
2278,2279,Lori Silverbush
2279,2280,Stuart Hazeldine
2280,2281,Hilary Brougher
2281,2282,Rachel Goldenberg
2282,2283,Corbin Bernsen
2283,2284,Jamin Winans
2284,2285,Tom Seidman
2285,2286,Jason Naumann
2286,2287,Matt Cimber
2287,2288,Sam Martin
2288,2289,Andrew Hyatt
2289,2290,Dan Curtis
2290,2291,Kristin Rizzo
2291,2292,Ward Roberts
2292,2293,Zoran Lisinac
2293,2294,James O'Brien
2294,2295,Tom Putnam
2295,2296,Jon Shear
2296,2297,Al Silliman Jr.
2297,2298,Eugène Lourié
2298,2299,Lowell Sherman
2299,2300,Maurizio Benazzo
2300,2301,David G. Evans
2301,2302,Sherman Alexie
2302,2303,Justin Dillon
2303,2304,Stevan Mena
2304,2305,Livingston Oden
2305,2306,Chris Marker
2306,2307,Carl Theodor Dreyer
2307,2308,Marianna Palka
2308,2309,Ricki Stern
2309,2310,Nadia Tass
2310,2311,James Kerwin
2311,2312,C. Fraser Press
2312,2313,Rania Attieh
2313,2314,Sharon Greytak
2314,2315,Majid Majidi
2315,2316,Andrew Haigh
2316,2317,Cary Bell
2317,2318,Nicolae Constantin Tanase
2318,2319,Jason Stone
2319,2320,Melvin Van Peebles
2320,2321,Ken Roht
2321,2322,Robinson Devor
2322,2323,Michel Orion Scott
2323,2324,Pat Holden
2324,2325,Eric Bugbee
2325,2326,Bill Melendez
2326,2327,Dena Seidel
2327,2328,Deborah Anderson
2328,2329,Sara Newens
2329,2330,Sai Varadan
2330,2331,Amal Al-Agroobi
2331,2332,Andrew Berends
2332,2333,Lynn Shelton
2333,2334,Valentine
2334,2335,David Hewlett
2335,2336,Nate Parker
2336,2337,Nathan Smith Jones
2337,2338,Travis Cluff
2338,2339,Harry F. Millarde
2339,2340,Robert Townsend
2340,2341,Jamaa Fanaka
2341,2342,Larry Blamire
2342,2343,Stephen Langford
2343,2344,E.L. Katz
2344,2345,Lisanne Pajot
2345,2346,Dan Reed
2346,2347,John Reinhardt
2347,2348,Patrick Ryan Sims
2348,2349,Laslo Benedek
2349,2350,Jason Miller
2350,2351,Dennis Iliadis
2351,2352,Sut Jhally
2352,2353,Julie Davis
2353,2354,Myles Berkowitz
2354,2355,Brett Piper
2355,2356,Brandon Trost
2356,2357,Joseph Green
2357,2358,Wade Gasque
2358,2359,Daniel Schechter
2359,2360,Matt Johnson
2360,2361,Bruno Barreto
2361,2362,Lena Dunham
2362,2363,Terron R. Parsons
2363,2364,Daniel Mellitz
2364,2365,Jem Cohen
2365,2366,Andrew Leman
2366,2367,Dave Carroll
2367,2368,William Eubank
2368,2369,Patrick Meaney
2369,2370,Chad Hartigan
2370,2371,Malcolm Goodwin
2371,2372,Kevin Jordan
2372,2373,Kirk Loudon
2373,2374,Travis Legge
2374,2375,Collin Joseph Neal
2375,2376,Bradley Rust Gray
2376,2377,Mike Bruce
2377,2378,Andrew Bujalski
2378,2379,Damir Catic
2379,2380,James Bidgood
2380,2381,Eric Eason
2381,2382,Joseph Mazzella
2382,2383,Marcus Nispel
2383,2384,Brandon Landers
2384,2385,Jim Chuchu
2385,2386,Daryl Wein
2386,2387,Jason Trost
2387,2388,Jafar Panahi
2388,2389,Ivan Kavanagh
2389,2390,Kiyoshi Kurosawa
2390,2391,Tadeo Garcia
2391,2392,Thomas L. Phillips
2392,2393,Ash Baron-Cohen
2393,2394,Shane Carruth
2394,2395,Neill Dela Llana
2395,2396,Anthony Vallone
2396,2397,Scott Smith
2397,2398,Benjamin Roberds
2398,2399,Daniel Hsia
